"_ano_pesquisa","categoria","tecnologia","qtd_respondentes","pct_respondentes_ano"
"2023","Banco de Dados","SQL SERVER","1209","22.8"
"2023","Banco de Dados","PostgreSQL","1068","20.2"
"2023","Banco de Dados","Google BigQuery","983","18.6"
"2023","Banco de Dados","MySQL","927","17.5"
"2023","Banco de Dados","Databricks","806","15.2"
"2023","Banco de Dados","S3","789","14.9"
"2023","Banco de Dados","Oracle","686","13.0"
"2023","Banco de Dados","Amazon Athena","451","8.5"
"2023","Banco de Dados","MongoDB","428","8.1"
"2023","Banco de Dados","Amazon Redshift","414","7.8"
"2023","Banco de Dados","Hive","294","5.6"
"2023","Banco de Dados","Amazon Aurora ou RDS","241","4.6"
"2023","Banco de Dados","Snowflake","220","4.2"
"2023","Banco de Dados","SAP HANA","211","4.0"
"2023","Banco de Dados","DynamoDB","208","3.9"
"2023","Banco de Dados","SQLite","179","3.4"
"2023","Banco de Dados","Elasticsearch","149","2.8"
"2023","Banco de Dados","Presto","139","2.6"
"2023","Banco de Dados","Microsoft Access","129","2.4"
"2023","Banco de Dados","MariaDB","124","2.3"
"2023","Banco de Dados","Firebase","104","2.0"
"2023","Banco de Dados","Redis","100","1.9"
"2023","Banco de Dados","DB2","100","1.9"
"2023","Banco de Dados","Google Firestore","65","1.2"
"2023","Banco de Dados","Splunk","49","0.9"
"2023","Banco de Dados","Firebird","43","0.8"
"2023","Banco de Dados","Cassandra","42","0.8"
"2023","Banco de Dados","Neo4J","34","0.6"
"2023","Banco de Dados","Sybase","29","0.5"
"2023","Banco de Dados","Teradata","27","0.5"
"2023","Banco de Dados","HBase","24","0.5"
"2023","Banco de Dados","Nenhum","21","0.4"
"2023","Banco de Dados","Datomic","20","0.4"
"2023","Banco de Dados","Excel","19","0.4"
"2023","Banco de Dados","Denodo","11","0.2"
"2023","Banco de Dados","Vertica","11","0.2"
"2023","Banco de Dados","Azure","7","0.1"
"2023","Banco de Dados","Clickhouse","6","0.1"
"2023","Banco de Dados","Não utilizo","6","0.1"
"2023","Banco de Dados","SAS","6","0.1"
"2023","Banco de Dados","Sharepoint","5","0.1"
"2023","Banco de Dados","CoachDB","4","0.1"
"2023","Banco de Dados","não utilizo","4","0.1"
"2023","Banco de Dados","Nenhuma","4","0.1"
"2023","Banco de Dados","nenhum","4","0.1"
"2023","Banco de Dados","Azure Blob Storage","4","0.1"
"2023","Banco de Dados","Google Cloud Storage","4","0.1"
"2023","Banco de Dados","Azure Data Lake Storage","3","0.1"
"2023","Banco de Dados","Trino","3","0.1"
"2023","Banco de Dados","Metabase","3","0.1"
"2023","Banco de Dados","Salesforce","3","0.1"
"2023","Banco de Dados","Não uso","3","0.1"
"2023","Banco de Dados","Planilhas","3","0.1"
"2023","Banco de Dados","Azure Synapse","3","0.1"
"2023","Banco de Dados","Caché","2","0.0"
"2023","Banco de Dados","Synapse Analytics","2","0.0"
"2023","Banco de Dados","Impala","2","0.0"
"2023","Banco de Dados","CosmosDB","2","0.0"
"2023","Banco de Dados","APIs","2","0.0"
"2023","Banco de Dados","Bigquery","2","0.0"
"2023","Banco de Dados","CSV","2","0.0"
"2023","Banco de Dados","Google BigTable","2","0.0"
"2023","Banco de Dados","Blob Storage","2","0.0"
"2023","Banco de Dados","Progress","2","0.0"
"2023","Banco de Dados","NA","2","0.0"
"2023","Banco de Dados","teradata","2","0.0"
"2023","Banco de Dados",".","2","0.0"
"2023","Banco de Dados","Cloud Storage","2","0.0"
"2023","Banco de Dados","Nao utilizo","2","0.0"
"2023","Banco de Dados","Nao trabalho ainda com dados :(","1","0.0"
"2023","Banco de Dados","Microsoft Office","1","0.0"
"2023","Banco de Dados","Jepto","1","0.0"
"2023","Banco de Dados","Teradata; hadoop/hdfs","1","0.0"
"2023","Banco de Dados","não sou da área de ti","1","0.0"
"2023","Banco de Dados","SQL Server","1","0.0"
"2023","Banco de Dados","Bases Privadas","1","0.0"
"2023","Banco de Dados","denodo","1","0.0"
"2023","Banco de Dados","Nenhuma da lista","1","0.0"
"2023","Banco de Dados","IBM","1","0.0"
"2023","Banco de Dados","GraphDB","1","0.0"
"2023","Banco de Dados","Não sei","1","0.0"
"2023","Banco de Dados","não trabalho com dados","1","0.0"
"2023","Banco de Dados","Blobs","1","0.0"
"2023","Banco de Dados","ADLS gen2","1","0.0"
"2023","Banco de Dados","SAP Hana","1","0.0"
"2023","Banco de Dados","nenhuma","1","0.0"
"2023","Banco de Dados","Azure - Synapse","1","0.0"
"2023","Banco de Dados","Não uso.","1","0.0"
"2023","Banco de Dados","Azure Datahouse","1","0.0"
"2023","Banco de Dados","Não utilizo banco de dados em minha função.","1","0.0"
"2023","Banco de Dados","Redash","1","0.0"
"2023","Banco de Dados","Power Dataverse","1","0.0"
"2023","Banco de Dados","Denodo - Virtualizador","1","0.0"
"2023","Banco de Dados","Google Spreadsheets","1","0.0"
"2023","Banco de Dados","Sistema da empresa","1","0.0"
"2023","Banco de Dados","-","1","0.0"
"2023","Banco de Dados","Não utilizo banco de dados","1","0.0"
"2023","Banco de Dados","Azure SQL","1","0.0"
"2023","Banco de Dados","PEGADB","1","0.0"
"2023","Banco de Dados","API","1","0.0"
"2023","Banco de Dados","Workflow","1","0.0"
"2023","Banco de Dados","Interbase","1","0.0"
"2023","Banco de Dados","ClickHouse","1","0.0"
"2023","Banco de Dados","infelizmente","1","0.0"
"2023","Banco de Dados","no momento não trabalho com banco de dados","1","0.0"
"2023","Banco de Dados","SingleStore","1","0.0"
"2023","Banco de Dados","Chroma","1","0.0"
"2023","Banco de Dados","Sas","1","0.0"
"2023","Banco de Dados","Sistema Próprio","1","0.0"
"2023","Banco de Dados","HPCC","1","0.0"
"2023","Banco de Dados","nenhum. tudo em excel por enquanto. tentando migrar p banco sql","1","0.0"
"2023","Banco de Dados","Storage da Azure","1","0.0"
"2023","Banco de Dados","Kobo Toolbox","1","0.0"
"2023","Banco de Dados","diretamente das ferramentas","1","0.0"
"2023","Banco de Dados","Depende do projeto","1","0.0"
"2023","Banco de Dados","Não trabalho na área","1","0.0"
"2023","Banco de Dados","Não chego a utilizar um banco","1","0.0"
"2023","Banco de Dados","Impala SQL","1","0.0"
"2023","Banco de Dados","solr","1","0.0"
"2023","Banco de Dados","DENODO","1","0.0"
"2023","Banco de Dados","Gauss DB","1","0.0"
"2023","Banco de Dados","Neogrid Visor","1","0.0"
"2023","Banco de Dados","Nemhuma","1","0.0"
"2023","Banco de Dados","Bigtable","1","0.0"
"2023","Banco de Dados","ODS","1","0.0"
"2023","Banco de Dados","MaxDB","1","0.0"
"2023","Banco de Dados","IBM Netezza","1","0.0"
"2023","Banco de Dados","trabalhando com dados","1","0.0"
"2023","Banco de Dados","Microsoft Fabric","1","0.0"
"2023","Banco de Dados","Azure data Lake","1","0.0"
"2023","Banco de Dados","MUMPS","1","0.0"
"2023","Banco de Dados","Blob storage gen 2","1","0.0"
"2023","Banco de Dados","Azure Databricks","1","0.0"
"2023","Banco de Dados","Salesforce Data Cloud","1","0.0"
"2023","Banco de Dados","Power BI","1","0.0"
"2023","Banco de Dados","Não tenho acesso ao banco","1","0.0"
"2023","Banco de Dados","Drive e Airtable","1","0.0"
"2023","Banco de Dados","memgraph","1","0.0"
"2023","Banco de Dados","Dremio","1","0.0"
"2023","Banco de Dados","Dados de sequenciamento de nova geração","1","0.0"
"2023","Banco de Dados","Nubank","1","0.0"
"2023","Banco de Dados","Nenhuma delas","1","0.0"
"2023","Banco de Dados","por ser consultoria varia muito","1","0.0"
"2023","Banco de Dados","Não estou","1","0.0"
"2023","Banco de Dados","Z","1","0.0"
"2023","Banco de Dados","J","1","0.0"
"2023","Banco de Dados","Azure Storage","1","0.0"
"2023","Banco de Dados","Weaviate","1","0.0"
"2023","Banco de Dados","PLSQL","1","0.0"
"2023","Banco de Dados","NÃO SEI DIZER","1","0.0"
"2023","Banco de Dados","Collective Access","1","0.0"
"2023","Banco de Dados","Essbase Multidimensional","1","0.0"
"2023","Banco de Dados","Não trabalho na área de dados.","1","0.0"
"2023","Banco de Dados","Synapse Dedicated Pool","1","0.0"
"2023","Banco de Dados","MobaXTerm","1","0.0"
"2023","Banco de Dados","DuckDB","1","0.0"
"2023","Banco de Dados","Apache Druid","1","0.0"
"2023","Banco de Dados","Não tenho um banco de dados no meu trabalho. Nós utilizamos o Sharepoint como armazenamento de dados","1","0.0"
"2023","Banco de Dados","Excel usado como database","1","0.0"
"2023","Banco de Dados","RudderStack","1","0.0"
"2023","Banco de Dados","Airflow","1","0.0"
"2023","Banco de Dados","NÃO SE APLICA","1","0.0"
"2023","Banco de Dados","Main fraime","1","0.0"
"2023","Banco de Dados","Puxo os dados manualmente","1","0.0"
"2023","Banco de Dados","Cosmos","1","0.0"
"2023","Banco de Dados","Informix","1","0.0"
"2023","Banco de Dados","Spark","1","0.0"
"2023","Banco de Dados","DremIO","1","0.0"
"2023","Banco de Dados","Scylla","1","0.0"
"2023","Banco de Dados","Azure Data Lake Storage Gen2","1","0.0"
"2023","Banco de Dados","API rest","1","0.0"
"2023","Banco de Dados","Mongo DB","1","0.0"
"2023","Banco de Dados","Nenhum desses","1","0.0"
"2023","Banco de Dados","RStudio","1","0.0"
"2023","Banco de Dados","SAS GUIDE","1","0.0"
"2023","Banco de Dados","Planilha","1","0.0"
"2023","Banco de Dados","Servidor interno","1","0.0"
"2023","Banco de Dados","Netezza","1","0.0"
"2023","Banco de Dados","ADABAS","1","0.0"
"2023","Banco de Dados","Chroma.db","1","0.0"
"2023","Banco de Dados","n/a","1","0.0"
"2023","Banco de Dados","Totvs","1","0.0"
"2023","Banco de Dados","GS","1","0.0"
"2023","Banco de Dados","milvus.db","1","0.0"
"2023","Banco de Dados","NENHUM","1","0.0"
"2023","Banco de Dados","ADLS","1","0.0"
"2023","Banco de Dados","azure gen2","1","0.0"
"2023","Banco de Dados","Não atuo na área","1","0.0"
"2023","Banco de Dados","Dados de pesquisas realizadas","1","0.0"
"2023","Banco de Dados","SAP","1","0.0"
"2023","Banco de Dados","excel","1","0.0"
"2023","Banco de Dados","Salesforce SOQL","1","0.0"
"2023","Banco de Dados","sap","1","0.0"
"2023","Banco de Dados","Não utilizamos","1","0.0"
"2023","Banco de Dados","Redshift Athena","1","0.0"
"2023","Banco de Dados","Qlik Sense","1","0.0"
"2023","Banco de Dados","Fivetran","1","0.0"
"2023","Banco de Dados","Power Query","1","0.0"
"2023","Banco de Dados","outro","1","0.0"
"2023","Banco de Dados","Google spreadsheet","1","0.0"
"2023","Banco de Dados","Protheus","1","0.0"
"2023","Banco de Dados","Azzure","1","0.0"
"2023","Banco de Dados","Google cloud storage","1","0.0"
"2023","Banco de Dados","Plataforma própria","1","0.0"
"2023","Banco de Dados","Flutter Hive","1","0.0"
"2023","Banco de Dados","Ainda não utilizo banco de dados","1","0.0"
"2023","Cloud","Amazon Web Services (AWS)","1529","28.9"
"2023","Cloud","Azure (Microsoft)","1141","21.6"
"2023","Cloud","Google Cloud (GCP)","1106","20.9"
"2023","Cloud","Servidores On Premise/Não utilizamos Cloud","582","11.0"
"2023","Cloud","Cloud Própria","251","4.7"
"2023","Cloud","Oracle Cloud","154","2.9"
"2023","Cloud","IBM","47","0.9"
"2023","Cloud","Snowflake","7","0.1"
"2023","Cloud","Databricks","6","0.1"
"2023","Cloud","Cloudera","4","0.1"
"2023","Cloud","Huawei Cloud","3","0.1"
"2023","Cloud","Digital Ocean","2","0.0"
"2023","Cloud","SAS","1","0.0"
"2023","Cloud","AMT","1","0.0"
"2023","Cloud","Não utilizo.","1","0.0"
"2023","Cloud","SAP BW","1","0.0"
"2023","Cloud","Teradata","1","0.0"
"2023","Cloud","Lightning AI","1","0.0"
"2023","Cloud","Denodo","1","0.0"
"2023","Cloud","Gallery","1","0.0"
"2023","Cloud","on-primise","1","0.0"
"2023","Cloud","Redhat Openshift","1","0.0"
"2023","Cloud","Pivotal","1","0.0"
"2023","Cloud","OVH","1","0.0"
"2023","Cloud","Não","1","0.0"
"2023","Cloud","digital ocean","1","0.0"
"2023","Cloud","NENHUM","1","0.0"
"2023","Cloud","MongoDB Atlas","1","0.0"
"2023","Cloud","Nokia Labs","1","0.0"
"2023","Cloud","Neo4j Cloud","1","0.0"
"2023","Cloud","Sharepoint","1","0.0"
"2023","Cloud","Salesforce","1","0.0"
"2023","Cloud","Snowflake cloud solution","1","0.0"
"2023","Cloud","Informatica Cloud","1","0.0"
"2023","Cloud","Azure","1","0.0"
"2023","Cloud","Não utilizo opções cloud","1","0.0"
"2023","Cloud","Não utiliza","1","0.0"
"2023","Cloud","Ne","1","0.0"
"2023","Cloud","VMWARE","1","0.0"
"2023","Cloud","Sap Hana","1","0.0"
"2023","Ferramenta de BI","Microsoft PowerBI","2154","40.7"
"2023","Ferramenta de BI","Tableau","713","13.5"
"2023","Ferramenta de BI","Looker Studio (antigo Google Data Studio)","653","12.3"
"2023","Ferramenta de BI","Looker","440","8.3"
"2023","Ferramenta de BI","Não utilizo nenhuma ferramenta de BI no trabalho","409","7.7"
"2023","Ferramenta de BI","Fazemos todas as análises utilizando apenas Excel ou planilhas do google","391","7.4"
"2023","Ferramenta de BI","Metabase","324","6.1"
"2023","Ferramenta de BI","Grafana","276","5.2"
"2023","Ferramenta de BI","Qlik View/Qlik Sense","194","3.7"
"2023","Ferramenta de BI","Outra opção","182","3.4"
"2023","Ferramenta de BI","Pentaho","176","3.3"
"2023","Ferramenta de BI","Amazon Quicksight","138","2.6"
"2023","Ferramenta de BI","Alteryx","100","1.9"
"2023","Ferramenta de BI","SAS Visual Analytics","85","1.6"
"2023","Ferramenta de BI","Superset","85","1.6"
"2023","Ferramenta de BI","Salesforce/Einstein Analytics","85","1.6"
"2023","Ferramenta de BI","SAP Business Objects/SAP Analytics","80","1.5"
"2023","Ferramenta de BI","Redash","62","1.2"
"2023","Ferramenta de BI","Oracle Business Intelligence","49","0.9"
"2023","Ferramenta de BI","MicroStrategy","37","0.7"
"2023","Ferramenta de BI","TIBCO Spotfire","27","0.5"
"2023","Ferramenta de BI","IBM Analytics/Cognos","25","0.5"
"2023","Ferramenta de BI","Mode","13","0.2"
"2023","Ferramenta de BI","Birst","5","0.1"
"2023","Linguagem de Programação","SQL","3156","59.6"
"2023","Linguagem de Programação","Python","2825","53.4"
"2023","Linguagem de Programação","R","401","7.6"
"2023","Linguagem de Programação","Não utilizo nenhuma das linguagens listadas","305","5.8"
"2023","Linguagem de Programação","Visual Basic/VBA","285","5.4"
"2023","Linguagem de Programação","JavaScript","282","5.3"
"2023","Linguagem de Programação","SAS/Stata","151","2.9"
"2023","Linguagem de Programação","Scala","131","2.5"
"2023","Linguagem de Programação","Java","113","2.1"
"2023","Linguagem de Programação","C/C++/C#","70","1.3"
"2023","Linguagem de Programação","PHP","56","1.1"
"2023","Linguagem de Programação",".NET","40","0.8"
"2023","Linguagem de Programação","Matlab","30","0.6"
"2023","Linguagem de Programação","Julia","8","0.2"
"2023","Linguagem de Programação","Rust","7","0.1"
"2024","Banco de Dados","PostgreSQL","1126","21.6"
"2024","Banco de Dados","Databricks","1116","21.4"
"2024","Banco de Dados","SQL SERVER","1052","20.2"
"2024","Banco de Dados","Google BigQuery","941","18.0"
"2024","Banco de Dados","S3","848","16.3"
"2024","Banco de Dados","MySQL","832","16.0"
"2024","Banco de Dados","Oracle","643","12.3"
"2024","Banco de Dados","Amazon Athena","504","9.7"
"2024","Banco de Dados","MongoDB","411","7.9"
"2024","Banco de Dados","Amazon Redshift","364","7.0"
"2024","Banco de Dados","Hive","265","5.1"
"2024","Banco de Dados","Amazon Aurora ou RDS","238","4.6"
"2024","Banco de Dados","DynamoDB","232","4.4"
"2024","Banco de Dados","SQLite","225","4.3"
"2024","Banco de Dados","Snowflake","223","4.3"
"2024","Banco de Dados","SAP HANA","192","3.7"
"2024","Banco de Dados","Elasticsearch","154","3.0"
"2024","Banco de Dados","Presto","150","2.9"
"2024","Banco de Dados","MariaDB","129","2.5"
"2024","Banco de Dados","Microsoft Access","119","2.3"
"2024","Banco de Dados","Redis","115","2.2"
"2024","Banco de Dados","DB2","78","1.5"
"2024","Banco de Dados","Firebase","73","1.4"
"2024","Banco de Dados","Google Firestore","56","1.1"
"2024","Banco de Dados","Neo4J","53","1.0"
"2024","Banco de Dados","Cassandra","41","0.8"
"2024","Banco de Dados","Firebird","39","0.7"
"2024","Banco de Dados","Splunk","24","0.5"
"2024","Banco de Dados","HBase","23","0.4"
"2024","Banco de Dados","Sybase","20","0.4"
"2024","Banco de Dados","Datomic","17","0.3"
"2024","Banco de Dados","Vertica","9","0.2"
"2024","Banco de Dados","CoachDB","7","0.1"
"2024","Cloud","Amazon Web Services (AWS)","1583","30.4"
"2024","Cloud","Azure (Microsoft)","1108","21.2"
"2024","Cloud","Google Cloud (GCP)","1049","20.1"
"2024","Cloud","Servidores On Premise/Não utilizamos Cloud","463","8.9"
"2024","Cloud","Cloud Própria","191","3.7"
"2024","Cloud","Oracle Cloud","143","2.7"
"2024","Cloud","IBM","59","1.1"
"2024","Cloud","Databricks","13","0.2"
"2024","Cloud","Não utilizo","9","0.2"
"2024","Cloud","Nenhuma","8","0.2"
"2024","Cloud","Cloudera","5","0.1"
"2024","Cloud","Denodo","4","0.1"
"2024","Cloud","Snowflake","3","0.1"
"2024","Cloud","nenhuma","3","0.1"
"2024","Cloud","Digital Ocean","3","0.1"
"2024","Cloud","Nenhum","3","0.1"
"2024","Cloud","Não sei","3","0.1"
"2024","Cloud","Huawei Cloud","2","0.0"
"2024","Cloud","SAP","2","0.0"
"2024","Cloud","Huawei","2","0.0"
"2024","Cloud","Não uso","2","0.0"
"2024","Cloud","Não usamos","2","0.0"
"2024","Cloud","Protheus","2","0.0"
"2024","Cloud","Não Utilizo","2","0.0"
"2024","Cloud","Onedrive","2","0.0"
"2024","Cloud","Sharepoint","2","0.0"
"2024","Cloud","Magalu Cloud","2","0.0"
"2024","Cloud","HostDime","1","0.0"
"2024","Cloud","Digital ocean","1","0.0"
"2024","Cloud","Ambiente próprio","1","0.0"
"2024","Cloud","Nao utilizamos cloud","1","0.0"
"2024","Cloud",".Nenhuma","1","0.0"
"2024","Cloud","Empresa não usa cloud","1","0.0"
"2024","Cloud","Cloud QlikSense","1","0.0"
"2024","Cloud","Openshift","1","0.0"
"2024","Cloud","SharePoint","1","0.0"
"2024","Cloud","DataBricks","1","0.0"
"2024","Cloud","não utilizamos CLOUD","1","0.0"
"2024","Cloud","impala","1","0.0"
"2024","Cloud","HPCC System","1","0.0"
"2024","Cloud","Não utilizo atualmente","1","0.0"
"2024","Cloud","Não temos banco de dados","1","0.0"
"2024","Cloud","Qlik","1","0.0"
"2024","Cloud","Não utilizo nuvem","1","0.0"
"2024","Cloud","ArcGIS Online","1","0.0"
"2024","Cloud","Algar","1","0.0"
"2024","Cloud","Hostdime","1","0.0"
"2024","Cloud","Heroku","1","0.0"
"2024","Cloud","GoodData","1","0.0"
"2024","Cloud","Posit","1","0.0"
"2024","Cloud","hdfs","1","0.0"
"2024","Cloud","clickhouse","1","0.0"
"2024","Cloud","mas eu não tenho acesso ainda","1","0.0"
"2024","Cloud","nenhum","1","0.0"
"2024","Cloud","Datadricks","1","0.0"
"2024","Cloud","Eu especificamente não uso cloud","1","0.0"
"2024","Cloud","Qlik sense","1","0.0"
"2024","Cloud","UOL Host","1","0.0"
"2024","Cloud","OPENSHIFT","1","0.0"
"2024","Cloud","Nao","1","0.0"
"2024","Cloud","Não uso cloud nem banco de dados.  Uso cluster e HPC","1","0.0"
"2024","Cloud","Não utilizado Cloud","1","0.0"
"2024","Cloud","Não utilizo Cloud no projeto","1","0.0"
"2024","Cloud","Não utilizo.","1","0.0"
"2024","Cloud","A empresa usa Oracle cloud","1","0.0"
"2024","Cloud","Desconhecido","1","0.0"
"2024","Cloud","Dremio","1","0.0"
"2024","Cloud","Não utilizamos.","1","0.0"
"2024","Cloud","Teradata Vantage","1","0.0"
"2024","Cloud","TOTVS","1","0.0"
"2024","Cloud",".","1","0.0"
"2024","Cloud","Google Drive","1","0.0"
"2024","Cloud","Não usamos cloud","1","0.0"
"2024","Cloud","sharepoint","1","0.0"
"2024","Cloud","mas a empresa azure","1","0.0"
"2024","Cloud","Salesforce","1","0.0"
"2024","Cloud","não uso","1","0.0"
"2024","Ferramenta de BI","Microsoft PowerBI","1996","38.3"
"2024","Ferramenta de BI","Tableau","687","13.2"
"2024","Ferramenta de BI","Looker Studio (antigo Google Data Studio)","603","11.6"
"2024","Ferramenta de BI","Looker","466","8.9"
"2024","Ferramenta de BI","Fazemos todas as análises utilizando apenas Excel ou planilhas do google","384","7.4"
"2024","Ferramenta de BI","Não utilizo nenhuma ferramenta de BI no trabalho","353","6.8"
"2024","Ferramenta de BI","Outra opção","340","6.5"
"2024","Ferramenta de BI","Metabase","318","6.1"
"2024","Ferramenta de BI","Grafana","290","5.6"
"2024","Ferramenta de BI","Qlik View/Qlik Sense","178","3.4"
"2024","Ferramenta de BI","Amazon Quicksight","167","3.2"
"2024","Ferramenta de BI","Pentaho","113","2.2"
"2024","Ferramenta de BI","Superset","97","1.9"
"2024","Ferramenta de BI","Salesforce/Einstein Analytics","92","1.8"
"2024","Ferramenta de BI","SAS Visual Analytics","74","1.4"
"2024","Ferramenta de BI","Alteryx","72","1.4"
"2024","Ferramenta de BI","Redash","55","1.1"
"2024","Ferramenta de BI","SAP Business Objects/SAP Analytics","55","1.1"
"2024","Ferramenta de BI","Oracle Business Intelligence","36","0.7"
"2024","Ferramenta de BI","Amazon QuickSight","4","0.1"
"2024","Linguagem de Programação","SQL","3145","60.3"
"2024","Linguagem de Programação","Python","2934","56.3"
"2024","Linguagem de Programação","R","342","6.6"
"2024","Linguagem de Programação","JavaScript","223","4.3"
"2024","Linguagem de Programação","Visual Basic/VBA","215","4.1"
"2024","Linguagem de Programação","Não utilizo linguagem de programação no trabalho","164","3.1"
"2024","Linguagem de Programação","SAS/Stata","130","2.5"
"2024","Linguagem de Programação","Scala","126","2.4"
"2024","Linguagem de Programação","Java","94","1.8"
"2024","Linguagem de Programação","C/C++/C#","46","0.9"
"2024","Linguagem de Programação","PHP","34","0.7"
"2024","Linguagem de Programação",".NET","31","0.6"
"2024","Linguagem de Programação","Matlab","20","0.4"
"2024","Linguagem de Programação","Rust","12","0.2"
"2024","Linguagem de Programação","Julia","6","0.1"
"2025","Banco de Dados","PostgreSQL","771","22.1"
"2025","Banco de Dados","SQL SERVER","702","20.1"
"2025","Banco de Dados","Databricks","689","19.7"
"2025","Banco de Dados","S3","604","17.3"
"2025","Banco de Dados","MySQL","598","17.1"
"2025","Banco de Dados","Google BigQuery","566","16.2"
"2025","Banco de Dados","Oracle","410","11.7"
"2025","Banco de Dados","Amazon Athena","319","9.1"
"2025","Banco de Dados","MongoDB","310","8.9"
"2025","Banco de Dados","SQLite","258","7.4"
"2025","Banco de Dados","Amazon Redshift","230","6.6"
"2025","Banco de Dados","Snowflake","191","5.5"
"2025","Banco de Dados","Amazon Aurora ou RDS","171","4.9"
"2025","Banco de Dados","Hive","160","4.6"
"2025","Banco de Dados","DynamoDB","159","4.6"
"2025","Banco de Dados","Redis","130","3.7"
"2025","Banco de Dados","SAP HANA","123","3.5"
"2025","Banco de Dados","Elasticsearch","121","3.5"
"2025","Banco de Dados","MariaDB","91","2.6"
"2025","Banco de Dados","Microsoft Access","90","2.6"
"2025","Banco de Dados","Presto","88","2.5"
"2025","Banco de Dados","DB2","73","2.1"
"2025","Banco de Dados","Firebase","65","1.9"
"2025","Banco de Dados","Neo4J","40","1.1"
"2025","Banco de Dados","Google Firestore","37","1.1"
"2025","Banco de Dados","Firebird","31","0.9"
"2025","Banco de Dados","Cassandra","30","0.9"
"2025","Banco de Dados","Splunk","16","0.5"
"2025","Banco de Dados","HBase","15","0.4"
"2025","Banco de Dados","Datomic","13","0.4"
"2025","Banco de Dados","Sybase","13","0.4"
"2025","Banco de Dados","Vertica","7","0.2"
"2025","Banco de Dados","CoachDB","6","0.2"
"2025","Cloud","Amazon Web Services (AWS)","1011","28.9"
"2025","Cloud","Azure (Microsoft)","730","20.9"
"2025","Cloud","Google Cloud (GCP)","647","18.5"
"2025","Cloud","Servidores On Premise/Não utilizamos Cloud","300","8.6"
"2025","Cloud","Cloud Própria","114","3.3"
"2025","Cloud","Oracle Cloud","94","2.7"
"2025","Cloud","IBM","25","0.7"
"2025","Cloud","Nenhum","6","0.2"
"2025","Cloud","Databricks","6","0.2"
"2025","Cloud","Digital Ocean","4","0.1"
"2025","Cloud","Não utilizo","3","0.1"
"2025","Cloud","Nenhuma","3","0.1"
"2025","Cloud","Não sei","3","0.1"
"2025","Cloud","Snowflake","3","0.1"
"2025","Cloud","Não uso","2","0.1"
"2025","Cloud","VPS Hostinger","1","0.0"
"2025","Cloud","não utilizo ainda","1","0.0"
"2025","Cloud","Não utilizo nenhuma no IFSP.","1","0.0"
"2025","Cloud","MICROSOFT FABRIC","1","0.0"
"2025","Cloud","nenhuma","1","0.0"
"2025","Cloud","Supabase","1","0.0"
"2025","Cloud","Sharepoint","1","0.0"
"2025","Cloud","SAP","1","0.0"
"2025","Cloud","Não trabalha","1","0.0"
"2025","Cloud","não uso","1","0.0"
"2025","Cloud","embora saiba mecher","1","0.0"
"2025","Cloud","Nenhum. A empresa nao acredita na nuvem","1","0.0"
"2025","Cloud","Hostinger","1","0.0"
"2025","Cloud","Fabric","1","0.0"
"2025","Cloud","Nenhuma das anteriores","1","0.0"
"2025","Cloud","Não sei responder","1","0.0"
"2025","Cloud","N/a","1","0.0"
"2025","Cloud","MagaluCloud","1","0.0"
"2025","Cloud","microsoft","1","0.0"
"2025","Cloud","Não uso cloud","1","0.0"
"2025","Cloud","OneDrive - Somente para armazenamento de dados","1","0.0"
"2025","Cloud","viavarejo","1","0.0"
"2025","Cloud","por NDA.","1","0.0"
"2025","Cloud","SANKHYA ERP usa a AWS","1","0.0"
"2025","Cloud","2Cloud","1","0.0"
"2025","Cloud","Denodo","1","0.0"
"2025","Cloud","Huawei","1","0.0"
"2025","Cloud","DigitalOcean - heroku","1","0.0"
"2025","Cloud","Magalu Cloud","1","0.0"
"2025","Cloud","VPS services","1","0.0"
"2025","Cloud","Salesforce","1","0.0"
"2025","Cloud","nenhum","1","0.0"
"2025","Cloud","Não usamos","1","0.0"
"2025","Cloud","databricks","1","0.0"
"2025","Cloud","Sap hana","1","0.0"
"2025","Cloud","Cloudera","1","0.0"
"2025","Cloud","Dbeaver","1","0.0"
"2025","Cloud","Não utilizamos","1","0.0"
"2025","Cloud","Huawei Cloud","1","0.0"
"2025","Cloud","mesmo que anônimo","1","0.0"
"2025","Cloud","Não posso dizer","1","0.0"
"2025","Ferramenta de BI","Microsoft PowerBI","1242","35.5"
"2025","Ferramenta de BI","Looker Studio (antigo Google Data Studio)","328","9.4"
"2025","Ferramenta de BI","Tableau","287","8.2"
"2025","Ferramenta de BI","Looker","269","7.7"
"2025","Ferramenta de BI","Não utilizo nenhuma ferramenta de BI no trabalho","239","6.8"
"2025","Ferramenta de BI","Fazemos todas as análises utilizando apenas Excel ou planilhas do google","217","6.2"
"2025","Ferramenta de BI","Grafana","183","5.2"
"2025","Ferramenta de BI","Metabase","177","5.1"
"2025","Ferramenta de BI","Outra opção","155","4.4"
"2025","Ferramenta de BI","Amazon Quicksight","143","4.1"
"2025","Ferramenta de BI","Qlik View/Qlik Sense","91","2.6"
"2025","Ferramenta de BI","Superset","67","1.9"
"2025","Ferramenta de BI","Pentaho","67","1.9"
"2025","Ferramenta de BI","SAP Business Objects/SAP Analytics","51","1.5"
"2025","Ferramenta de BI","Alteryx","43","1.2"
"2025","Ferramenta de BI","Salesforce/Einstein Analytics","43","1.2"
"2025","Ferramenta de BI","SAS Visual Analytics","36","1.0"
"2025","Ferramenta de BI","Oracle Business Intelligence","19","0.5"
"2025","Ferramenta de BI","Redash","13","0.4"
